insert into ads (id, picture_url, link, users_id) values (1, 'data:image/png;base64,iVBORw0KGgoAAAANSUhEUgAAABAAAAAQCAYAAAAf8/9hAAAABGdBTUEAAK/INwWK6QAAABl0RVh0U29mdHdhcmUAQWRvYmUgSW1hZ2VSZWFkeXHJZTwAAALWSURBVDjLhVNrTJJRGLZB/a9ftbl5R8WgEpEPUFTy0jS85UKbpuElUykFE8mmLW+joZXTLOclUMwLSKKkpmnaD93M+tPqR6vWdP2wVdo0yTmePtwyLbWzvTvn3Tnv8z7Pc86xA2C3UwQM8BDQzw2yrf17OLF+et+Vv89sSYKG+S6bc4GJgL+RY8qqjnTmd7LTee0+33cFCLR1NHPzf+d+Bo6F3+X7JaMkVBddwVvhNbGs8Xl81Y4Agj5iwb+XsKxT1hOLvA42uDofcDU+KJ6QYWLWiEJ1MkTp3pe3BSB1Bvl1+0LQSSxE6ENgeNWMwTdtqH5WDsZNDyQPRKFrqh7Hqg7jqMoLzHI62bWXWCR1bmgndVoDdFx0vLiFsiEJikzxKDClQFBPgKHyhKRNjOBo2tsNBqTOVVIneA/YWoGOmD9tiIbueRWumc9CbohCUqsQCV0x6JxuQN1YNZilnuAnuBm3SOC2+UwSGhaIZhb0L2tR3J8ImT4SSZogiNsjcXe8HPIOMe6NVoBRTAddSVvyLHCTbvGAaGRZEjpjoR6RIrdLhMQWIeK0J3FnrBTS1hikNoWRACrQFTR4yF2t7rkuoOU4/zGQU+e9nGmQ4PaoAkn3g3GqJQLq/kJkaSMhaQxDa2U4HokPYVhIxWAIZW4ohFLokuF4dQOAV8Ou9FYzcN2sQFyzCOo+JbI0IqQ0hEJbEY4ZOYEVcxWsrwex3CHDdDZj7fFxqnTLNbIqj4y75Dui6WktrhtzcJ4EKnuYi96YA/hBFqNGBCj2AxVO+HwjEEPBlPf/vH9mEX2cqaTjkiYTcm02mHn0ddrWmR5sHt9KDmJESLVu+4m85DSNu9R5zfWCE0id6D6x7+dSUypAFlkK7PCVjI+ZFJA+zNnt9htt4XzOYVJ2xh5TaW5rnxROmFfuxbu0PXgioq6RZl75L4AtHBLsVy+K7S1kxw822uQ8ayu27f0CZyF3rEtmMUcAAAAASUVORK5CYII=', 'https://wunderground.com/phasellus/id/sapien/in/sapien/iaculis.aspx?velit=nibh&nec=in&nisi=lectus&vulputate=pellentesque&nonummy=at&maecenas=nulla&tincidunt=suspendisse&lacus=potenti&at=cras&velit=in&vivamus=purus&vel=eu&nulla=magna&eget=vulputate&eros=luctus&elementum=cum&pellentesque=sociis&quisque=natoque&porta=penatibus&volutpat=et&erat=magnis&quisque=dis&erat=parturient&eros=montes&viverra=nascetur&eget=ridiculus&congue=mus&eget=vivamus&semper=vestibulum&rutrum=sagittis&nulla=sapien&nunc=cum&purus=sociis&phasellus=natoque&in=penatibus&felis=et&donec=magnis&semper=dis&sapien=parturient&a=montes&libero=nascetur&nam=ridiculus&dui=mus&proin=etiam&leo=vel&odio=augue&porttitor=vestibulum&id=rutrum&consequat=rutrum&in=neque&consequat=aenean&ut=auctor&nulla=gravida&sed=sem&accumsan=praesent&felis=id&ut=massa&at=id&dolor=nisl&quis=venenatis&odio=lacinia&consequat=aenean&varius=sit&integer=amet&ac=justo&leo=morbi&pellentesque=ut&ultrices=odio&mattis=cras&odio=mi&donec=pede&vitae=malesuada&nisi=in&nam=imperdiet&ultrices=et&libero=commodo&non=vulputate&mattis=justo&pulvinar=in&nulla=blandit&pede=ultrices&ullamcorper=enim&augue=lorem&a=ipsum', 1);
insert into ads (id, picture_url, link, users_id) values (2, 'data:image/png;base64,iVBORw0KGgoAAAANSUhEUgAAABAAAAAQCAQAAAC1+jfqAAAABGdBTUEAAK/INwWK6QAAABl0RVh0U29mdHdhcmUAQWRvYmUgSW1hZ2VSZWFkeXHJZTwAAAD0SURBVCjPfdExSwJxHMbx/yTc1NrUy+h1+AZ6GUJBaYdiKVwopjmYOASiINJgEVFwUFHo4BIiDtql/SPU5BDUQb8Nomh3J8/we4bP8MBPIOYpexdtPcvyyrO6ETxR5zGwAeiMeOfmxBE8MOKXKsWwA7hjSJceZbJhW1DC5BvJDy+kNRtwzYA2BgYSnUTEAgr0+aBJC0mbe85i/0AOkw4Gn8SH0Yo2CRGMrYEralyOq/SJzrRtBEJVvMoKyJCSyd3zZh2dUMZmZOotuYOIuAuYBKbqlgVcKPN7KhvccnRsAYv49/I0ODA9Lgfgcx1+7Vc8y8/+AURAMO9/VDEvAAAAAElFTkSuQmCC', 'https://gov.uk/elit/ac.jsp?in=nisl&sapien=duis&iaculis=bibendum&congue=felis&vivamus=sed&metus=interdum&arcu=venenatis&adipiscing=turpis&molestie=enim&hendrerit=blandit&at=mi&vulputate=in&vitae=porttitor&nisl=pede&aenean=justo&lectus=eu&pellentesque=massa&eget=donec&nunc=dapibus&donec=duis&quis=at&orci=velit&eget=eu&orci=est&vehicula=congue&condimentum=elementum&curabitur=in&in=hac&libero=habitasse&ut=platea&massa=dictumst&volutpat=morbi&convallis=vestibulum&morbi=velit&odio=id&odio=pretium&elementum=iaculis&eu=diam&interdum=erat&eu=fermentum&tincidunt=justo&in=nec&leo=condimentum&maecenas=neque&pulvinar=sapien&lobortis=placerat&est=ante&phasellus=nulla&sit=justo&amet=aliquam&erat=quis&nulla=turpis&tempus=eget&vivamus=elit&in=sodales&felis=scelerisque&eu=mauris&sapien=sit&cursus=amet&vestibulum=eros&proin=suspendisse&eu=accumsan&mi=tortor&nulla=quis&ac=turpis&enim=sed&in=ante&tempor=vivamus&turpis=tortor&nec=duis&euismod=mattis&scelerisque=egestas&quam=metus&turpis=aenean&adipiscing=fermentum&lorem=donec&vitae=ut&mattis=mauris&nibh=eget&ligula=massa&nec=tempor&sem=convallis&duis=nulla&aliquam=neque&convallis=libero&nunc=convallis&proin=eget&at=eleifend&turpis=luctus&a=ultricies&pede=eu&posuere=nibh&nonummy=quisque&integer=id&non=justo&velit=sit&donec=amet', 2);
insert into ads (id, picture_url, link, users_id) values (3, 'data:image/png;base64,iVBORw0KGgoAAAANSUhEUgAAABAAAAAQCAYAAAAf8/9hAAAABGdBTUEAAK/INwWK6QAAABl0RVh0U29mdHdhcmUAQWRvYmUgSW1hZ2VSZWFkeXHJZTwAAAIMSURBVDjLpZLLaxpRFMZHCEIp/V/SfaGL/gXdZxMIpd0kgo6jINoH6iIIBd1kFRdmoZUOs4pVXDhKfJCA+AQfAz4QCQSf41tP77lwB2mTLtILZ2Zzft/3nXMvBwDcc0uW5XfPAtPptD4ej9skSeo/2lCpVF6VSiVXPp+/zWazEnF6s+f6+pqccDis+v3+v+FyufyCwLedTgcmkwn0+33I5XIQiUR+xWKx78RVqdVqkEqlwOPxXP3prC8WizetVgvw7HY7YKdarUIoFFJJAvB6vQ9ut/vUZrO9ZKCONHwoFAodRVFgvV7DdrulAljD4RBUVYVerwc+nw9cLteR2WzWI4uRdaR+ttttGhkBjI3Nq9UKME29XofpdEpFo9EoOJ1OnqXmyKI+s8gsNiZoNptAkkG324X5fE4LBXF+h8NxrQlkMpkURmRx0WWz2cBsNqNz4zIxPqZDYWIIVqs1rgkkEon75XKpgeiyWCyoIwojgH+EyZWCxWLZGI3Gt5pAUhTv0Q0bGMgcR6MRFWw0GiCKIgiCUCbw4f7NcbmLCxl3gO77ILqymcl13RH47LFHx9UF86V6fg6rZJIC4/GYFo6FQoFAAMiVvX/qWXOtk5ODxtnpzezbV7o0dB4MBkDeBASDQeB5/ovBYNA9KYAf5fj4oPjp46UkCPIVb3qw2+09sukfJpPp6F+wJvA/9RsZICZTCkof6AAAAABJRU5ErkJggg==', 'https://epa.gov/ridiculus/mus/etiam/vel/augue.js?vestibulum=vestibulum&proin=eget&eu=vulputate&mi=ut&nulla=ultrices&ac=vel&enim=augue&in=vestibulum&tempor=ante&turpis=ipsum&nec=primis&euismod=in&scelerisque=faucibus&quam=orci&turpis=luctus&adipiscing=et&lorem=ultrices&vitae=posuere&mattis=cubilia&nibh=curae&ligula=donec&nec=pharetra&sem=magna&duis=vestibulum&aliquam=aliquet&convallis=ultrices&nunc=erat&proin=tortor&at=sollicitudin&turpis=mi&a=sit&pede=amet&posuere=lobortis&nonummy=sapien', 3);
insert into ads (id, picture_url, link, users_id) values (4, 'data:image/png;base64,iVBORw0KGgoAAAANSUhEUgAAABAAAAAQCAYAAAAf8/9hAAAABGdBTUEAAK/INwWK6QAAABl0RVh0U29mdHdhcmUAQWRvYmUgSW1hZ2VSZWFkeXHJZTwAAAHMSURBVDjLxVNNSxtRFD0jEYqgBCMU00bEWFsqSNoi1EU2WiiluHEluuumfyH0B3RbuvQHCIpbaaFSxZULQYMUAklJCQZDjUTyMfl48z5675t0AgqCuPDC5dw3M+/c8+6Z5xhjcJfowx0j9L/IZrMfPc/7QtmhaLbb7Xqr1SpTppvN5jlhlTBHuZNKpeQ1AvrgK20EZSqZTK7dWkGj0einrt+JaPM2R3D28/KU8LGb2wMRIPz8LZTSkDYVPKkgPQVB6Hm8lhaFXxeZwDwM1QNGdoWN0Zza2LUi5JqfKa1tTfzYz1R6LkxGB1E8d/Hk0RAKf+t4FhtC/qyG6fEwcsUqEpPDyBQuMft0xD5jhUJIOHu/BSlooFh2LTO/4I6SuwRHMQEm4hG8nIpg97iEnydl9EnpS5p/MYo3r6J0Vo33r2PoCIWl5DjaQmNlIU5rjQ/vpuxmDibkeTjffrkm+qCFP6UapOTOva6swAuQlKmespmJCHbSJYTslKnr4twYNnbzWJ6fuNG2z+tpfFpNYPvg1DZytg4rJjYgoLpT11rbCQdoug5YF8gVdkr7+OPoDKGOkBcZ14xc8devu/+AVamUP2BKTdm9ghfOvd/Gf3hhfpp0UP3EAAAAAElFTkSuQmCC', 'https://cnet.com/neque/aenean/auctor/gravida.jpg?odio=nunc&consequat=vestibulum&varius=ante&integer=ipsum&ac=primis&leo=in&pellentesque=faucibus&ultrices=orci&mattis=luctus&odio=et&donec=ultrices&vitae=posuere&nisi=cubilia&nam=curae&ultrices=mauris&libero=viverra&non=diam&mattis=vitae&pulvinar=quam&nulla=suspendisse&pede=potenti&ullamcorper=nullam&augue=porttitor&a=lacus&suscipit=at&nulla=turpis&elit=donec&ac=posuere&nulla=metus&sed=vitae&vel=ipsum&enim=aliquam&sit=non&amet=mauris&nunc=morbi&viverra=non&dapibus=lectus&nulla=aliquam', 4);
insert into ads (id, picture_url, link, users_id) values (5, 'data:image/png;base64,iVBORw0KGgoAAAANSUhEUgAAABAAAAAQCAYAAAAf8/9hAAAABGdBTUEAAK/INwWK6QAAABl0RVh0U29mdHdhcmUAQWRvYmUgSW1hZ2VSZWFkeXHJZTwAAAJRSURBVBgZBcExiJZlHADw3/O+732enKYdQVeklWBeoSBFtmgNNrRcQ9DSFBQZDU4OEYSNbQUtCg5FEAUpDdXSUliBQRBEBBXeVuFZnvKd1/e9z/P/9/uVzATnX37wEfwCAICbpy6s7wUAACjnXnrgUbyFtV3Ld3vhjbO2rv8Alu465sOzr9veugUf4dKpC+sXAWDApWdeObNv+Z57/fPV+zJTm22BzHTiyD5LR0/KzLXPzr/3LC4CwID7l1fus/n7FTHetv7JO2QiXc8fpbTx83eWV4/tBgCAAbLORR11+w+LVmWmj9tpLUMEcPO3LeX401599/O8MVv59c/1vx67fG5te4Boo6ijGGfa7D+kNoQ3n1u1MQ0FkWlsYeiP+ODK5sN96a8++doXBweIOhOtkqEUMum7zo3b6Y+N1HVprOHWdvXUQzsdP7TX0qRb+TbbTx1EnYs618a5qE3UBvrC4sCkLyZ9sTjpXNvcduhOXnxijzrmgQFinMlxLmuIsZGpLaZSWOjJJPticehc/TdN/555fP8OC0NngKhzUZsYm6hBpMhUFH3XASVFJDt6pSv6vpcYIMcm503UJmojgABFEfrCZOiUTBFFKUUmA9SxamMTrYmxkURLBUNHVzqR9IUuMGHnQGYaIOdVjE22JmvISNCiYgAAAJGVKAZc3p5OT+zatyprE7WRicGsTrEXAADM6lSJrgx4++svP92NowBw7fDzFroD9iyOMulKUQpQ0Hd3iKzzkpkAAODkme+/6btykG6F3KIgQVFKZJvuWVrY+T+vNUkTODP9hQAAAABJRU5ErkJggg==', 'https://reuters.com/congue/elementum/in/hac/habitasse.html?vulputate=curabitur&ut=gravida&ultrices=nisi&vel=at&augue=nibh&vestibulum=in&ante=hac&ipsum=habitasse&primis=platea&in=dictumst&faucibus=aliquam&orci=augue&luctus=quam&et=sollicitudin&ultrices=vitae&posuere=consectetuer&cubilia=eget&curae=rutrum&donec=at&pharetra=lorem&magna=integer&vestibulum=tincidunt&aliquet=ante&ultrices=vel&erat=ipsum&tortor=praesent&sollicitudin=blandit&mi=lacinia&sit=erat&amet=vestibulum&lobortis=sed&sapien=magna&sapien=at&non=nunc&mi=commodo&integer=placerat&ac=praesent&neque=blandit&duis=nam&bibendum=nulla&morbi=integer&non=pede&quam=justo&nec=lacinia&dui=eget&luctus=tincidunt&rutrum=eget&nulla=tempus&tellus=vel&in=pede&sagittis=morbi&dui=porttitor&vel=lorem&nisl=id&duis=ligula&ac=suspendisse&nibh=ornare&fusce=consequat&lacus=lectus&purus=in&aliquet=est&at=risus&feugiat=auctor&non=sed&pretium=tristique&quis=in&lectus=tempus&suspendisse=sit&potenti=amet&in=sem&eleifend=fusce&quam=consequat&a=nulla&odio=nisl&in=nunc&hac=nisl&habitasse=duis&platea=bibendum&dictumst=felis&maecenas=sed&ut=interdum&massa=venenatis&quis=turpis&augue=enim&luctus=blandit&tincidunt=mi&nulla=in&mollis=porttitor&molestie=pede', 5);
insert into ads (id, picture_url, link, users_id) values (6, 'data:image/png;base64,iVBORw0KGgoAAAANSUhEUgAAABAAAAAQCAYAAAAf8/9hAAAABGdBTUEAAK/INwWK6QAAABl0RVh0U29mdHdhcmUAQWRvYmUgSW1hZ2VSZWFkeXHJZTwAAAGWSURBVDjLlZNNSwJRFIa1Tf8hElq1qCDJxk22CdsErVvbLotQbGFkZBYWRqCghqv2tXHRokACw4IICvoHbRS/8HPGGbXe7hkcGTU/uvAwA3Pf555zhqsBoGFrkmFgGIcwxRijjIKmJTCIolhsNBrfzWYTf8G+IxgMBrolisBI4Wq1Cp7n25RKJRQKBaTTaVmSSqUQCoU6JLS0JKANtVoNkiTJT6JSqaBYLCKTycgCQRBAh0QiEVnSI6CwAgkoUC6Xkc1me1pqzUTbIWBttDfQO/WttJLL5eRKkslkf0E3aglVQvPI5/OjC9QSaodmQqJ/CYh6vS7PhSTEvwVUBQm8iUOcxl2jCSikQBW44064Hh1wPuzCEd0ZXVATBThjNhzE7Lj+DCPyEcDWjQUr3qUvzj4/PvQv+BInsNxuwHFnxdW7H4E3H2xRK0xHnMTt6+/Vgp9Bc1gPr8L/eg7fiwdrl2bozBOb6ruwyIbEs419L5P5Yhlnz8fwPLmwsDdHIYNaoCPJoKtscnNgJUNvn8XM9jSFdJT9BVHxpMfQmzHDAAAAAElFTkSuQmCC', 'https://ameblo.jp/nec/condimentum/neque/sapien/placerat/ante/nulla.png?at=tortor&lorem=sollicitudin&integer=mi&tincidunt=sit&ante=amet&vel=lobortis&ipsum=sapien&praesent=sapien&blandit=non&lacinia=mi&erat=integer&vestibulum=ac&sed=neque&magna=duis', 6);
insert into ads (id, picture_url, link, users_id) values (7, 'data:image/png;base64,iVBORw0KGgoAAAANSUhEUgAAABAAAAAQCAYAAAAf8/9hAAAABGdBTUEAAK/INwWK6QAAABl0RVh0U29mdHdhcmUAQWRvYmUgSW1hZ2VSZWFkeXHJZTwAAAKZSURBVDjLpVNNSFRRFP7evNE3P6n5MzYTDVOi+QNZFrUIIlEIaiGCEBltgqBdYK6Eli2DFrYyalFCFETQdhiCCKIoMJxIxppKCQfnOc7kjG+c+9e5zxz6EVr04HAv99zvu98553uGUgr/83m3O0wkEhYRD1GMSim7aO2goK1M0vqR1jsUieHhYWH8qYDAPXT2IBQK9YbDYQSDQQQCAeh7hUIBa2trWFhYQDabfUFn5/4iiMfjzzo7O/uj0SgMw9hWNuccyWQSqVTqXpXAfntyUAk1WeYN+32W34QElJCQnMHwBNFy+CZM364qwerqqlab9f4EmwQe8Tcf695R2+qCFBOQFQdO7gN8e86Cox7ZTMYtQ4NjsRioD5tNlEJGieBCTXAveOENPL4+esVGOZ/CEj8OsRKFWJ6FbdvweDzVnrgEy69P1JLUS/6mQ3UAKXcyNJsN5BfjMMIX0dx0Bl6vF4wxdy2VSm4ZGiyEgJfAfRSXrfoOKO4QRwR0G0oSWXER4vttCMUhEIA0j1DKclVUFSguJ/2hoy2OPUelKNQG2onei52RQap/HpJVULRnoWJXUJGWq8Q0TZfAVUD1Pyp+e/lcccFoX8P4u7GW2CmPKOfB1ldQ8rTBPHgXsiYERk1kbN0F63DL2t3/6sbWfL8+PVAPXr7q2O9RzC+BhUbBG/vh9/lJCau+utWDSqXyu5Ull098/rBR4o1oHbiF5ZUSuONU89pYkUgE2mTpdHpTwVby8+Oe01RC22K++XpaDYx1f8kE9awty3KB+nUN1lbWLpyZmcmQoYaqTvz0sKtXCSHbz88np6en95HEaxQj1PEGPXftvlwuh3K5rIH3qZQbExMTy8a/fuepqak6ArRTUBvY3Pj4+Mav+R/mW7NMaC1PRQAAAABJRU5ErkJggg==', 'http://economist.com/semper/sapien/a.png?duis=neque&bibendum=duis&felis=bibendum&sed=morbi&interdum=non&venenatis=quam&turpis=nec&enim=dui&blandit=luctus&mi=rutrum&in=nulla&porttitor=tellus&pede=in&justo=sagittis&eu=dui&massa=vel&donec=nisl&dapibus=duis&duis=ac&at=nibh&velit=fusce&eu=lacus&est=purus&congue=aliquet&elementum=at&in=feugiat&hac=non&habitasse=pretium&platea=quis&dictumst=lectus&morbi=suspendisse&vestibulum=potenti&velit=in&id=eleifend&pretium=quam&iaculis=a&diam=odio&erat=in&fermentum=hac&justo=habitasse&nec=platea&condimentum=dictumst&neque=maecenas&sapien=ut&placerat=massa&ante=quis&nulla=augue&justo=luctus&aliquam=tincidunt&quis=nulla&turpis=mollis', 7);
insert into ads (id, picture_url, link, users_id) values (8, 'data:image/png;base64,iVBORw0KGgoAAAANSUhEUgAAABAAAAAQCAYAAAAf8/9hAAAABGdBTUEAAK/INwWK6QAAABl0RVh0U29mdHdhcmUAQWRvYmUgSW1hZ2VSZWFkeXHJZTwAAALsSURBVBgZBcFtaJVlGMDx/3U/9znz7LjjfMGXYiq1VkkrUiRoZQUhhoOKrAi/hEH0IUHFZQSREu1TQh8CP0TaEBQtIYikfRD3ciSWc0rlWpuzEmbT5TZ1O8fzPPd9Xf1+8uLHvW8XSnXbnbABWAAIAAKYgClBdXz2lp2ROzMd/YfaUwAAAHnps3L/0Z0bHnVOGg0SDAAAzACMqbmMY4OzTF6rVYZ/H1lSPtReAwDwLpGH8z5pvHyTxImAgClEU0Iwqlnk+YcaeKrFM6BT9aaPzDz3/o+Le7/cWgNwIrLQzJJ84sg58AKJg0RABBwCKKtKeYorvmdtc67gS8UjAADOQAAc4AScCE4EJ4ITwSXCv9NV1izMmKtOEOq+JsklrwMAeAAz8AkIgomg0biRjjH03w9cn/uDMB4JaaCpYTVZmKd+5QkHzwLgzcAALw7DMGCyNsb5qe+4r34Jjy9tR02JFlGLBI1UKgNuyxcvXPlp19lmb4ACIiAIBozdHmBZvsjywgqGJgYZmxwlSwNNi1cTQ2T4SqrdHWebAZwGMAMFDDAzrs5cYuj6BU799i3zFcfuZ06ye9Mpbk1XCRVHqLyTtu3fWADwqoaZgYFhAOxYdxAzUIOokeODnWxb/xGL8is58MonvNw5yLlPz1cBfFSIBqagAAAYQVOEHF+V93G3OosavNV2gA+Ovsdc7ZcFT+wKFrLwj9dgqBn7L6YIhgqYCagjvfkhTQ23qcsH9nzzNFkaeLBpLdu3vcHwyJ/09p/r9iFEYoRVpRzrlzvUIBqc7nuN+xtLtDa3Ei3yWMs6okXUIqNXx+npK1+IIR73oaYaVC2NyM8TERXDEJa2nOTvy3uozA+QhcDwyAghDYQsouGBGELc+1fXtR6f3Ys3ivlk2b7WtGhmDgMFABZt/JyOrnep3Jmm3PkrImgh7+627uieGO3a0gPgRezg5r19r4rIk4bVAwBgYIDxJjE5nGvbeSYD7qnqkHccAwD4HyXFhGV2sNBxAAAAAElFTkSuQmCC', 'https://twitpic.com/adipiscing/elit/proin/interdum/mauris/non/ligula.png?diam=vestibulum&vitae=ante&quam=ipsum&suspendisse=primis&potenti=in&nullam=faucibus&porttitor=orci&lacus=luctus&at=et&turpis=ultrices&donec=posuere&posuere=cubilia&metus=curae&vitae=donec&ipsum=pharetra&aliquam=magna&non=vestibulum&mauris=aliquet&morbi=ultrices&non=erat&lectus=tortor&aliquam=sollicitudin&sit=mi&amet=sit&diam=amet&in=lobortis&magna=sapien&bibendum=sapien&imperdiet=non&nullam=mi&orci=integer&pede=ac&venenatis=neque&non=duis&sodales=bibendum&sed=morbi&tincidunt=non&eu=quam&felis=nec&fusce=dui&posuere=luctus&felis=rutrum&sed=nulla&lacus=tellus&morbi=in&sem=sagittis&mauris=dui&laoreet=vel&ut=nisl&rhoncus=duis&aliquet=ac&pulvinar=nibh&sed=fusce&nisl=lacus&nunc=purus&rhoncus=aliquet&dui=at&vel=feugiat&sem=non', 8);
insert into ads (id, picture_url, link, users_id) values (9, 'data:image/png;base64,iVBORw0KGgoAAAANSUhEUgAAABAAAAAQCAYAAAAf8/9hAAAABGdBTUEAAK/INwWK6QAAABl0RVh0U29mdHdhcmUAQWRvYmUgSW1hZ2VSZWFkeXHJZTwAAAJISURBVDjLpZPLS5RhFIef93NmnMIRSynvgRF5KWhRlmWbbotwU9sWLupfCBeBEYhQm2iVq1oF0TKIILIkMgosxBaBkpFDmpo549y+772dFl5bBIG/5eGch9+5KRFhOwrYpmIAk8+OjScr29uV2soTotzXtLOZLiD6q0oBUDjY89nGAJQErU3dD+NKKZDVYpTChr9a5sdvpWUtClCWqBRxZiE/9+o68CQGgJUQr8ujn/dxugyCSpRKkaw/S33n7QQigAfxgKCCitqpp939mwCjAvEapxOIF3xpBlOYJ78wQjxZB2LAa0QsYEm19iUQv29jBihJeltCF0F0AZNbIdXaS7K6ba3hdQey6iBWBS6IbQJMQGzHHqrarm0kCh6vf2AzLxGX5eboc5ZLBe52dZBsvAGRsAUgIi7EFycQl0VcDrEZvFlGXBZshtCGNNa0cXVkjEdXIjBb1kiEiLd4s4jYLOKy9L1+DGLQ3qKtpW7XAdpqj5MLC/Q8uMi98oYtAC2icIj9jdgMYjNYrznf0YsTj/MOjzCbTXO48RR5XaJ35k2yMBCoGIBov2yLSztNPpHCpwKROKHVOPF8X5rCeIv1BuMMK1GOI02nyZsiH769DVcBYXRneuhSJ8I5FCmAsNomrbPsrWzGeocTz1x2ht0VtXxKj/Jl+v1y0dCg/vVMl4daXKg12mtCq9lf0xGcaLnA2Mw7hidfTGhL5+ygROp/v/HQQLB4tPlMzcjk8EftOTk7KHr1hP4T0NKvFp0vqyl5F18YFLse/wPLHlqRZqo3CAAAAABJRU5ErkJggg==', 'https://booking.com/posuere/metus/vitae/ipsum/aliquam/non.png?dis=vestibulum&parturient=proin&montes=eu&nascetur=mi&ridiculus=nulla&mus=ac&vivamus=enim&vestibulum=in&sagittis=tempor&sapien=turpis&cum=nec&sociis=euismod&natoque=scelerisque&penatibus=quam&et=turpis&magnis=adipiscing&dis=lorem&parturient=vitae&montes=mattis&nascetur=nibh&ridiculus=ligula&mus=nec&etiam=sem&vel=duis&augue=aliquam&vestibulum=convallis&rutrum=nunc&rutrum=proin&neque=at&aenean=turpis&auctor=a&gravida=pede&sem=posuere&praesent=nonummy&id=integer&massa=non&id=velit&nisl=donec&venenatis=diam&lacinia=neque&aenean=vestibulum&sit=eget&amet=vulputate&justo=ut&morbi=ultrices', 9);
insert into ads (id, picture_url, link, users_id) values (10, 'data:image/png;base64,iVBORw0KGgoAAAANSUhEUgAAABAAAAAQCAYAAAAf8/9hAAAABGdBTUEAAK/INwWK6QAAABl0RVh0U29mdHdhcmUAQWRvYmUgSW1hZ2VSZWFkeXHJZTwAAAKNSURBVDjLpVNLTxNRFP4GCkZK6QtftZVHaURLCHFBu7Cu0H/g0rhpdKEbjOlOEzCBjYmycS2kbggLWbHQmmho8GIw0YRWIhX6TKlFgvKYx5253juhBGIkMZ7kzEnOzHe/757zjcQYw/+E5V8B8XicaZoGSil4vSElk0lTgmEY0HX9UIqPDqYA+v1+9Pf3Y21tDVNTU4sWcYVwOGwCjgpVVTE5OVnq6enxZDIZzMzMrPIDn1kE8/LyMqxWKwqFAjweD7LZLHw+n9lvb2/H0tISurq6YLfbPfl8Hul0WhwYjcViCUskEpESiQRramrCxsZGiL8g1Wo1pCgK4TJDsiyTcrls1lKpZPa3t7fFdYpCWZ14iPs1NzcLFUQw22w2Ipg5IxHMTqeTdHd3w+VykWAwKIiEgoLASrU1Tk9Ps4GBAfCholKphARYMAtwsVgMrbhfkh26iZB+B7lcDkNDQ9K+AhFc0oNUKoWOjg6TORAIwOFwmMxut5vwvcDbegGv6GPBvm8e6aCRJiYmWG1dadsLMEODalCovOdxBdDrvYz51Tf4XCDYpUrdu/s/mPQ3J96Nh9nV4E3ojPvD0GGAobxZgNN6EnPfXmMh95bKVG00nTg+Pn6es97j7LcEu0jZpZrg7PpXaFwF5Wo0XcNP5Rf6fBFsaTsWsjIr1+2Z5Ho0Gr3N6yDPLD9gUKYyqE5xquUcTre04Yy9Ew31x3HCdhYf80kkM7NfdlQ4LHsDxNjYGPN6vaaBuNOekE0Fz+f4wAwVXCr8rRcR7ryGD9lZvE/NqzLQVxphyqEZjI6O1n6UweHh4acHZ9L7qHHrUtsV68LiJ6zXV49xsPrHFo6KzofSd92ob9019IbKCKO1/m/zF57K8A8dwwAAAABJRU5ErkJggg==', 'http://hostgator.com/odio/curabitur/convallis/duis.xml?sed=justo&tristique=morbi&in=ut&tempus=odio&sit=cras&amet=mi&sem=pede&fusce=malesuada&consequat=in&nulla=imperdiet&nisl=et&nunc=commodo&nisl=vulputate&duis=justo&bibendum=in&felis=blandit&sed=ultrices&interdum=enim&venenatis=lorem&turpis=ipsum&enim=dolor&blandit=sit&mi=amet&in=consectetuer&porttitor=adipiscing&pede=elit&justo=proin&eu=interdum&massa=mauris&donec=non&dapibus=ligula&duis=pellentesque&at=ultrices&velit=phasellus&eu=id&est=sapien&congue=in&elementum=sapien&in=iaculis&hac=congue&habitasse=vivamus&platea=metus&dictumst=arcu&morbi=adipiscing&vestibulum=molestie&velit=hendrerit&id=at&pretium=vulputate&iaculis=vitae&diam=nisl&erat=aenean&fermentum=lectus&justo=pellentesque&nec=eget&condimentum=nunc&neque=donec&sapien=quis&placerat=orci&ante=eget&nulla=orci&justo=vehicula&aliquam=condimentum&quis=curabitur&turpis=in&eget=libero&elit=ut&sodales=massa&scelerisque=volutpat&mauris=convallis&sit=morbi&amet=odio&eros=odio&suspendisse=elementum&accumsan=eu&tortor=interdum&quis=eu&turpis=tincidunt&sed=in&ante=leo&vivamus=maecenas&tortor=pulvinar&duis=lobortis&mattis=est&egestas=phasellus&metus=sit&aenean=amet&fermentum=erat&donec=nulla&ut=tempus&mauris=vivamus&eget=in&massa=felis&tempor=eu&convallis=sapien&nulla=cursus&neque=vestibulum&libero=proin&convallis=eu', 10);
insert into ads (id, picture_url, link, users_id) values (11, 'data:image/png;base64,iVBORw0KGgoAAAANSUhEUgAAABAAAAAQCAYAAAAf8/9hAAAABGdBTUEAAK/INwWK6QAAABl0RVh0U29mdHdhcmUAQWRvYmUgSW1hZ2VSZWFkeXHJZTwAAAMZSURBVBgZBcFLaFxVHMDh3zn33Dt38poknTSJTVva1LaKxpQ07UJLKlQRTYVUcKNCwWUtCuJWXLkQxIVCl1kIIaCCG0GwXdgkamJS0hLHWs2znbym05m8JjP3nnv+fp8SEQBe+fT21XRT6h2t6ANCQAGgAFEgDuvcfLkot9R26ZOxG4MRgBIRAF7/fGLs2+t9z2itmgU8BAAARACEwm7MyHSZ9ZVaJTd3v3X8xmDNAABoT50KjNf81yaeVgoUiINEHNYK+3HCxacbOX/SMOkKdeJOlwY++KnFAAAotdQ0/PuEV4qeUE0snvg0+Yfp6XqD+rAdjQIcnU0Bg/2d/BKspxfW6oeViHDlm9euvvTsueGXT14Ev5WNSsjufo2NJzkWV6c4f+x9WjPddDc7GtMeKd9QqUa8+9WM9f5sGLsw0Nv33atnLnmSbqa8H7ARBcwXfKCF57sCbt0d5anMc1RshpVywmIx4njW5/vJtUh3tmc/7j/WG/yjEwqR5b8tw9/5mIe1efIHbpNvzHO64yCTuR9IBR5h4BEGPoIGpdGHs50XSiZiubKK5xqYXdwlCUvsHv2NOTPN1KMchw50UCwv4BtN4HmkjMYBImAC46fL1RLFxGeiuEdp2yMIY1pSLxBtHmX/8R/ICUecRPieAgFBkThIHJjt3Z3iKcKuOtvB0rrD+S0s5QP2ZqAuzNLeukZlfwctKZQojAYHhD4kVtC55fkfo60qtfI4qdQKKooIwibCjCXVPMXxTI2Zfx9wpK0XAZyAAL6nsZHFFFe3vvx58tc3L53tP1Jo81mq1YicQRpX6c4+pFaGO/kM2Z63mZuNcQDASIdPXHOY8S+mls5e7728+djMDvR56kRDiE0CGrOWuwtFVosHeevyZ6TSGURABO5tWsQJcdViAKa/nr137sPR6nbhQfrm8ijOWYyfhvoXOdTzHnPlOlTZ4gREK7RTGKOcTZw1AAAublv/aGgouxdLvYhoBBwAkEk7AEQg7SuUwvme2kmsyysRAaD/2s1rNpYhpdQZQeoAABAQQBAAEACqzrk7Gkb+B+5ReIstDYkxAAAAAElFTkSuQmCC', 'https://youtube.com/quisque/ut/erat/curabitur/gravida.html?pellentesque=ac&ultrices=diam', 11);
insert into ads (id, picture_url, link, users_id) values (12, 'data:image/png;base64,iVBORw0KGgoAAAANSUhEUgAAABAAAAAQCAYAAAAf8/9hAAAABGdBTUEAAK/INwWK6QAAABl0RVh0U29mdHdhcmUAQWRvYmUgSW1hZ2VSZWFkeXHJZTwAAAJvSURBVDjLpZM5aFRRGIW/+2bmZYzJTEzMuCbRGIjRiAsYEIKNIoIiWGgluCCChZ3aCyJqK6hFxMLCpbKxERE3DIpFEgtjonGJYSYzMcYsb7nvvvtbTMC9yil/OB8/nHOUiDAXOcxRcwYkAQbube5JZ9asUepXnhBOvR+OzcQWIPzNpQCYad392iQBlDirGzqvp5RSIGUzSmGCsebRnjPDMnsFSLgZkTgqTucfngLuJAEwEmB1RVi4QqwT4GRQqpr00m0s7bjgIgJYvPwjvjy5SaJqXaM/tvB23+X2dBkQKUesJtYuYgXrfyaaGWW6+IhUeglIhJkZxPjLWbzuANmVG5n40Er//a6LZYCStDU+2gPRM0RTk1SvPki6rg1Q+IX7SFKRWb6R8fdvcJWmOrOYqrrG7OwHDsl5OWrajgIWRBAsVo/gDXdhojTZ5p2E+Vu4lYpPPf2Y0Bff89fPAkQkDrBeHxJ/R+IpxEzgjfUiUkW2ZRfByFUc15CqamK+/YhHKWo/0T1Qzi1ExBpsVMLqElaPUhh4RuBXkm3ZQzByBScVoSdXUHrSTW3nIRwT259F0iKKGDHjiPlK8d1LPL+O3Npd6EIXCVcIJ5soPe2mZm2eivoGML8USbT9ZryvldG0Wz3UN+gkKpZhVI7860ssyLkE4w18e/GK2g2rSKRbiYNARNvwJyAILw5d3duBsL3fydXvO36Nt7dOMvD0ORWN67GlflmYMrr4uCAIoJ5prNwoB/jHGs8ea49OHzmexInpeXCXTx8Gp7P1tZ07zvX2/msLfwH2b631NzUvSna0rURS4XO/WDq8+3zf0P/G9AOyUDsBCTaamwAAAABJRU5ErkJggg==', 'https://php.net/odio/consequat.aspx?nisl=mattis&ut=odio&volutpat=donec&sapien=vitae&arcu=nisi&sed=nam&augue=ultrices&aliquam=libero&erat=non&volutpat=mattis&in=pulvinar&congue=nulla&etiam=pede&justo=ullamcorper&etiam=augue&pretium=a&iaculis=suscipit&justo=nulla&in=elit&hac=ac&habitasse=nulla&platea=sed&dictumst=vel&etiam=enim&faucibus=sit&cursus=amet&urna=nunc&ut=viverra&tellus=dapibus&nulla=nulla&ut=suscipit&erat=ligula&id=in&mauris=lacus&vulputate=curabitur&elementum=at&nullam=ipsum&varius=ac&nulla=tellus&facilisi=semper&cras=interdum&non=mauris&velit=ullamcorper&nec=purus&nisi=sit&vulputate=amet&nonummy=nulla&maecenas=quisque&tincidunt=arcu&lacus=libero&at=rutrum&velit=ac&vivamus=lobortis&vel=vel&nulla=dapibus&eget=at&eros=diam&elementum=nam&pellentesque=tristique&quisque=tortor', 12);
insert into ads (id, picture_url, link, users_id) values (13, 'data:image/png;base64,iVBORw0KGgoAAAANSUhEUgAAABAAAAAQCAYAAAAf8/9hAAAABGdBTUEAAK/INwWK6QAAABl0RVh0U29mdHdhcmUAQWRvYmUgSW1hZ2VSZWFkeXHJZTwAAAJhSURBVDjLdZPda85hGMc/v+f5Pc8e2wE2QtiMyZh5K4RSpCkHxJnkSElOxJFy4kDyF3DopR15yUst2pRpJw4cSJLETCTb0mxre57f775eHPyevdBcdXfV3X19ru/36rojd+fwuZtt7n7PYQRnt+O4A+5kyaePaSAko19e3rm0GiAme3DaobV9Q2M0NDyK+1QRZDDDDX6PTlBOHPO4mWpkANjbvmFltG/TShqXteMZAXPLulrWffGCWmpLMXuOnOEvAO4L29uaePr6EyMjk7gZADalwh035/fYJJUkZXZULRDFxZi1G5toWVKPKrgbZo6qo2aIOeVK4O793rkAjqrxdWiMYq5ApVIhJCli2b2QJy4UWVRXg7nPAQBMDdFAkiQc3dGSyc/U4e7cevGBUCrwT/2MgqCGBkE0R2fve5IgiDoqhhBRKBZJJRvqnAARIw2B1MBzNUSFAuQciwwzI9WIVP8LgCCKVIQkKKJGUKvmDL5+4BFrPj5g29AAv4olujviix3dcm1GgRohCSRBMzvqpFVIa/9jdiV9tJ48Q01zG+W33bzv67nSc6AwkZttIaQZIBWjHJQ0KIkYy991sm7fMUqfe4luH6e2/yGrmhryHvn5eGphUlEkEZJgBDNUnGBKCM788UFKS5vh0IUZ75eXkbdo1fQMVB1NNbNghogh4og4Y7UNTL7pou7JWZLyTyaB8bE8mufH9AzI5di+cxMeRag6oo5V8+iWE7x71UVj/TzifIHxYWFgMFLHr08Bep51vTqV/bxZ+4+Dw3NfwX7byuZvPTSkYPncd8dvHOyWq38AFgvYQWlFsCQAAAAASUVORK5CYII=', 'http://wix.com/proin/interdum/mauris.aspx?odio=platea&elementum=dictumst&eu=aliquam&interdum=augue&eu=quam&tincidunt=sollicitudin&in=vitae&leo=consectetuer&maecenas=eget&pulvinar=rutrum&lobortis=at&est=lorem&phasellus=integer&sit=tincidunt&amet=ante&erat=vel&nulla=ipsum&tempus=praesent&vivamus=blandit&in=lacinia&felis=erat&eu=vestibulum&sapien=sed&cursus=magna&vestibulum=at&proin=nunc&eu=commodo&mi=placerat&nulla=praesent&ac=blandit&enim=nam&in=nulla&tempor=integer&turpis=pede&nec=justo&euismod=lacinia&scelerisque=eget&quam=tincidunt&turpis=eget&adipiscing=tempus&lorem=vel&vitae=pede&mattis=morbi&nibh=porttitor&ligula=lorem&nec=id&sem=ligula&duis=suspendisse', 13);
insert into ads (id, picture_url, link, users_id) values (14, 'data:image/png;base64,iVBORw0KGgoAAAANSUhEUgAAABAAAAAQCAYAAAAf8/9hAAAABGdBTUEAAK/INwWK6QAAABl0RVh0U29mdHdhcmUAQWRvYmUgSW1hZ2VSZWFkeXHJZTwAAAHlSURBVBgZpcE7a1RRFIbh95yZXEaSSLwWFkFEkICKhWhhIV7AxlKsbSz9DQpa+gfsbERQsUhnEYOFFiJoYSrBO6IBY5I5c2bvtfb6jCIIYjfPU0liFDUjqhlR99r9FfEfHoFZkNwxg9ZFm5xkTptFY0HbOl02Hdvf4y/hIUoRHsKLMBcWgZkwD6wE2YNbi1/p8sf6wCkBHsJLkIswD8xF9iB5IZtIHmQLtk11aftOl03nDk/x6NUGpw9OsTYo3H26yoXjs/TGK8Qmwav3A5aW17h0cjfJg9tL34jWqJM7gxTMTnWIgImxmjYXeuMVNxe+UAFX731kbuc483t67Nk+zt5dk7QWROPUTXKevWk4um8LD5+vMjlWcfnMTrqdin4qCGhSIQJOHJjhl41hIVlBTaHut+LU/DSPX69z9tAMgxTcePCZZKIZFiRohoWQePmuz4eVhARDE5Ey9VqbsSKeLK/TqSsk6CdHEk0qIGhyIQQ3Fz7xY+Bs7XW4fnEOJVGdvr6s80dm+fQ9kS1IHiQT2YPkQfbAPDAXVgIrwkPM7Zhg8c5buusbTpsL05Md8ljFpFXYhHCvMK+xEFZEKYEHlAgkkPit2nflhYatIxORAmVHFigVyIFKIAvkggj+VUliFDUj+gngimmFTeOsxAAAAABJRU5ErkJggg==', 'https://fotki.com/primis/in.js?massa=sem&tempor=sed&convallis=sagittis&nulla=nam&neque=congue&libero=risus&convallis=semper&eget=porta&eleifend=volutpat', 14);
insert into ads (id, picture_url, link, users_id) values (15, 'data:image/png;base64,iVBORw0KGgoAAAANSUhEUgAAABAAAAAQCAYAAAAf8/9hAAAABGdBTUEAAK/INwWK6QAAABl0RVh0U29mdHdhcmUAQWRvYmUgSW1hZ2VSZWFkeXHJZTwAAAJmSURBVDjLjZJdSFNhGMdXW9BtdxEEeRFMJKiTladSajoqSOnOqy5CgyIkKFDLyI/Q5sZgRYpQFtJNpYgIkm5mVFpTc7Cw47Dmml/RZufs65yzr86/9z0qrVLrhf/N8/L7P//neV8NAM1GmuspaiXCilr/vP8vOB2fUbWWyb9h0YVE8CFSkSFSVlQTX6fhwYYGmXD8qxWJpY7V7qDH18HC2cK+3MhAjUxhef4m4t/uEQ0um3QZoKR5eNsY1WRdAxqZwqoW6lWTVHgQ0WkLRO8p/Ii/wrRtL9ZPIH8kCZp/mahGDYhwJxBy5ZHxusHdyF4T3kx3EBi+TIA6hN35ED+dheS7iOjUGQgTuUgJjeBqs2FvyvX8/d69RgRGKpHku0g3lsDFpPt5RFxHIYwyKjxVnwOH6cDkb0uksJIOkzkdkOZrEPqghzh5CNKXW5h7WoDZZ2V4d24XBg062E9vTQ4YtdWqQeZPSwQ6EfWUkE45iHL5kP1mjJkZfqhCv+S+mge5zwqF64f45ArGL+1J2wt1FSudQyRyD2KeQvBOPWJTxyHPNmPcwnzvNeU9HijSeiUC424xULUNaMpC0HwMpD5DDSJJwUGWxYIf0UP6XELgRoxZGL7Pwt6nMUlsRZnoRuYRarfTcZTlN4+9RZgrJAs7CdHfAKdpX+i5lW1b3Q+Zdy7WXgYQKF6pAU/kv6AFqc9r/F2GCTk4DMlfC3nxEUbNjGC3Hb6T+bRvSnfUjZbvTi1WZSFwbQu85ZvwoliX7jdqr2vG2gtq3K0HF97b9gfpzK9bjtxe63MNl+6sJh19NDZNRGFa/wllZefQFCrWMAAAAABJRU5ErkJggg==', 'http://acquirethisname.com/condimentum/curabitur/in/libero/ut/massa.js?at=id&ipsum=turpis&ac=integer&tellus=aliquet&semper=massa', 15);

insert into categories (id, name, category_date, users_id) values (1, 'Justice', '11/28/2021', 1);
insert into categories (id, name, category_date, users_id) values (2, 'CLINIMIX E', '8/2/2022', 2);
insert into categories (id, name, category_date, users_id) values (3, 'Temazepam', '10/6/2021', 3);
insert into categories (id, name, category_date, users_id) values (4, 'TOPCARE', '1/20/2022', 4);
insert into categories (id, name, category_date, users_id) values (5, 'Smart Sense Allergy Relief', '10/27/2021', 5);
insert into categories (id, name, category_date, users_id) values (6, 'Heparin Lock Flush', '4/7/2022', 6);
insert into categories (id, name, category_date, users_id) values (7, 'Allergy Relief', '11/5/2021', 7);
insert into categories (id, name, category_date, users_id) values (8, 'Diovan', '4/2/2022', 8);
insert into categories (id, name, category_date, users_id) values (9, 'Testosterone', '1/31/2022', 9);
insert into categories (id, name, category_date, users_id) values (10, 'IRBESARTAN', '6/23/2022', 10);
insert into categories (id, name, category_date, users_id) values (11, 'Tartar Control Plus', '4/16/2022', 11);
insert into categories (id, name, category_date, users_id) values (12, 'Cell Salts', '1/25/2022', 12);
insert into categories (id, name, category_date, users_id) values (13, 'Sotalol Hydrochloride', '2/20/2022', 13);
insert into categories (id, name, category_date, users_id) values (14, 'DPT TOX', '11/26/2021', 14);
insert into categories (id, name, category_date, users_id) values (15, 'Losartan Potassium', '5/16/2022', 15);


insert into discounts (id, code, percentage, use_time, count_times, discount_date, users_id) values (1, '0NBT0ZZ', '59-772-9386', 75, 26, '6/28/2022', 1);
insert into discounts (id, code, percentage, use_time, count_times, discount_date, users_id) values (2, '4A143B0', '82-315-3309', 2, 54, '11/19/2021', 2);
insert into discounts (id, code, percentage, use_time, count_times, discount_date, users_id) values (3, '0PR93KZ', '47-290-8237', 72, 37, '2/4/2022', 3);
insert into discounts (id, code, percentage, use_time, count_times, discount_date, users_id) values (4, '06VB3ZZ', '05-395-4636', 43, 64, '3/3/2022', 4);
insert into discounts (id, code, percentage, use_time, count_times, discount_date, users_id) values (5, 'B8271ZZ', '81-482-3446', 97, 6, '6/23/2022', 5);
insert into discounts (id, code, percentage, use_time, count_times, discount_date, users_id) values (6, '0NR637Z', '30-601-6506', 85, 50, '10/11/2021', 6);
insert into discounts (id, code, percentage, use_time, count_times, discount_date, users_id) values (7, '0FV84DZ', '44-333-5111', 39, 89, '5/7/2022', 7);
insert into discounts (id, code, percentage, use_time, count_times, discount_date, users_id) values (8, '0RQX4ZZ', '30-534-9598', 22, 52, '8/19/2022', 8);
insert into discounts (id, code, percentage, use_time, count_times, discount_date, users_id) values (9, '0TV43ZZ', '69-531-9105', 31, 54, '8/15/2022', 9);
insert into discounts (id, code, percentage, use_time, count_times, discount_date, users_id) values (10, '0UQ67ZZ', '85-219-2107', 89, 37, '7/26/2022', 10);
insert into discounts (id, code, percentage, use_time, count_times, discount_date, users_id) values (11, '037Y466', '73-508-1392', 97, 47, '12/23/2021', 11);
insert into discounts (id, code, percentage, use_time, count_times, discount_date, users_id) values (12, '04100A7', '62-981-7925', 53, 66, '3/19/2022', 12);
insert into discounts (id, code, percentage, use_time, count_times, discount_date, users_id) values (13, '0WF94ZZ', '21-638-4312', 44, 57, '11/26/2021', 13);
insert into discounts (id, code, percentage, use_time, count_times, discount_date, users_id) values (14, '09010JZ', '30-094-3850', 75, 39, '10/13/2021', 14);
insert into discounts (id, code, percentage, use_time, count_times, discount_date, users_id) values (15, '099W3ZZ', '02-596-6560', 51, 85, '3/29/2022', 15);


insert into favorites (products_id, users_id, fav_date) values (1, 1, '10/16/2021');
insert into favorites (products_id, users_id, fav_date) values (2, 2, '3/10/2022');
insert into favorites (products_id, users_id, fav_date) values (3, 3, '7/5/2022');
insert into favorites (products_id, users_id, fav_date) values (4, 4, '7/3/2022');
insert into favorites (products_id, users_id, fav_date) values (5, 5, '11/17/2021');
insert into favorites (products_id, users_id, fav_date) values (6, 6, '10/27/2021');
insert into favorites (products_id, users_id, fav_date) values (7, 7, '6/5/2022');
insert into favorites (products_id, users_id, fav_date) values (8, 8, '5/22/2022');
insert into favorites (products_id, users_id, fav_date) values (9, 9, '3/10/2022');
insert into favorites (products_id, users_id, fav_date) values (10, 10, '1/2/2022');
insert into favorites (products_id, users_id, fav_date) values (11, 11, '7/3/2022');
insert into favorites (products_id, users_id, fav_date) values (12, 12, '2/13/2022');
insert into favorites (products_id, users_id, fav_date) values (13, 13, '3/30/2022');
insert into favorites (products_id, users_id, fav_date) values (14, 14, '12/8/2021');
insert into favorites (products_id, users_id, fav_date) values (15, 15, '11/18/2021');

insert into messages (message, message_date, sender_id, receiver_id) values ('␣', '11/20/2021', 1, 1);
insert into messages (message, message_date, sender_id, receiver_id) values ('"', '3/8/2022', 2, 2);
insert into messages (message, message_date, sender_id, receiver_id) values ('1''; DROP TABLE users--', '12/28/2021', 3, 3);
insert into messages (message, message_date, sender_id, receiver_id) values ('😍', '10/3/2021', 4, 4);
insert into messages (message, message_date, sender_id, receiver_id) values ('　', '2/5/2022', 5, 5);
insert into messages (message, message_date, sender_id, receiver_id) values (',。・:*:・゜’( ☻ ω ☻ )。・:*:・゜’', '4/22/2022', 6, 6);
insert into messages (message, message_date, sender_id, receiver_id) values ('''''', '7/23/2022', 7, 7);
insert into messages (message, message_date, sender_id, receiver_id) values ('田中さんにあげて下さい', '5/25/2022', 8, 8);
insert into messages (message, message_date, sender_id, receiver_id) values ('部落格', '3/26/2022', 9, 9);
insert into messages (message, message_date, sender_id, receiver_id) values ('(╯°□°）╯︵ ┻━┻)  ', '1/17/2022', 10, 10);
insert into messages (message, message_date, sender_id, receiver_id) values ('NULL', '5/8/2022', 11, 11);
insert into messages (message, message_date, sender_id, receiver_id) values ('⁦test⁧', '2/5/2022', 12, 12);
insert into messages (message, message_date, sender_id, receiver_id) values ('Ṱ̺̺̕o͞ ̷i̲̬͇̪͙n̝̗͕v̟̜̘̦͟o̶̙̰̠kè͚̮̺̪̹̱̤ ̖t̝͕̳̣̻̪͞h̼͓̲̦̳̘̲e͇̣̰̦̬͎ ̢̼̻̱̘h͚͎͙̜̣̲ͅi̦̲̣̰̤v̻͍e̺̭̳̪̰-m̢iͅn̖̺̞̲̯̰d̵̼̟͙̩̼̘̳ ̞̥̱̳̭r̛̗̘e͙p͠r̼̞̻̭̗e̺̠̣͟s̘͇̳͍̝͉e͉̥̯̞̲͚̬͜ǹ̬͎͎̟̖͇̤t͍̬̤͓̼̭͘ͅi̪̱n͠g̴͉ ͏͉ͅc̬̟h͡a̫̻̯͘o̫̟̖͍̙̝͉s̗̦̲.̨̹͈̣', '3/4/2022', 13, 13);
insert into messages (message, message_date, sender_id, receiver_id) values ('בְּרֵאשִׁית, בָּרָא אֱלֹהִים, אֵת הַשָּׁמַיִם, וְאֵת הָאָרֶץ', '12/9/2021', 14, 14);
insert into messages (message, message_date, sender_id, receiver_id) values ('<script>alert(''hi'')</script>', '11/6/2021', 15, 15);

insert into orders_has_products (orders_id, products_id, quantity) values (1, 1, '21');
insert into orders_has_products (orders_id, products_id, quantity) values (2, 2, '44307');
insert into orders_has_products (orders_id, products_id, quantity) values (3, 3, '3217');
insert into orders_has_products (orders_id, products_id, quantity) values (4, 4, '35');
insert into orders_has_products (orders_id, products_id, quantity) values (5, 5, '7');
insert into orders_has_products (orders_id, products_id, quantity) values (6, 6, '829');
insert into orders_has_products (orders_id, products_id, quantity) values (7, 7, '0');
insert into orders_has_products (orders_id, products_id, quantity) values (8, 8, '02249');
insert into orders_has_products (orders_id, products_id, quantity) values (9, 9, '7405');
insert into orders_has_products (orders_id, products_id, quantity) values (10, 10, '902');
insert into orders_has_products (orders_id, products_id, quantity) values (11, 11, '45979');
insert into orders_has_products (orders_id, products_id, quantity) values (12, 12, '4');
insert into orders_has_products (orders_id, products_id, quantity) values (13, 13, '839');
insert into orders_has_products (orders_id, products_id, quantity) values (14, 14, '407');
insert into orders_has_products (orders_id, products_id, quantity) values (15, 15, '472');

insert into orders (id, order_date, users_id) values (1, '10/30/2021', 1);
insert into orders (id, order_date, users_id) values (2, '1/7/2022', 2);
insert into orders (id, order_date, users_id) values (3, '2/5/2022', 3);
insert into orders (id, order_date, users_id) values (4, '9/2/2022', 4);
insert into orders (id, order_date, users_id) values (5, '5/6/2022', 5);
insert into orders (id, order_date, users_id) values (6, '1/4/2022', 6);
insert into orders (id, order_date, users_id) values (7, '5/6/2022', 7);
insert into orders (id, order_date, users_id) values (8, '5/14/2022', 8);
insert into orders (id, order_date, users_id) values (9, '10/15/2021', 9);
insert into orders (id, order_date, users_id) values (10, '4/18/2022', 10);
insert into orders (id, order_date, users_id) values (11, '7/17/2022', 11);
insert into orders (id, order_date, users_id) values (12, '9/27/2021', 12);
insert into orders (id, order_date, users_id) values (13, '1/8/2022', 13);
insert into orders (id, order_date, users_id) values (14, '12/8/2021', 14);
insert into orders (id, order_date, users_id) values (15, '1/20/2022', 15);

insert into products (id, name, description, price, discount_price, views, picture_img, categories_id) values (1, 'CALMS NERVE TENSION SLEEPLESSNESS', 'null', '$5.56', 42, 1, 'error: no implicit conversion of Fixnum into String', 2);
insert into products (id, name, description, price, discount_price, views, picture_img, categories_id) values (2, 'ESTRACE', '$1.00', '$0.53', 52, 2, 'error: no implicit conversion of Fixnum into String', 3);
insert into products (id, name, description, price, discount_price, views, picture_img, categories_id) values (3, 'Green Guard First Aid Eye Wash', '-$1.00', '$5.65', 30, 3, 'error: no implicit conversion of Fixnum into String', 4);
insert into products (id, name, description, price, discount_price, views, picture_img, categories_id) values (4, 'CLOMIPRAMINE HYDROCHLORIDE', ',./;''[]\-=', '$0.80', 59, 4, 'error: no implicit conversion of Fixnum into String', 5);
insert into products (id, name, description, price, discount_price, views, picture_img, categories_id) values (5, 'Midazolam', '🐵 🙈 🙉 🙊', '$7.62', 84, 5, 'error: no implicit conversion of Fixnum into String', 6);
insert into products (id, name, description, price, discount_price, views, picture_img, categories_id) values (6, 'Metoprolol Tartrate and Hydrochlorothiazide', 'åß∂ƒ©˙∆˚¬…æ', '$9.33', 41, 6, 'error: no implicit conversion of Fixnum into String', 7);
insert into products (id, name, description, price, discount_price, views, picture_img, categories_id) values (7, 'Cephalexin', '田中さんにあげて下さい', '$1.88', 32, 7, 'error: no implicit conversion of Fixnum into String', 8);
insert into products (id, name, description, price, discount_price, views, picture_img, categories_id) values (8, 'kids cough', 'בְּרֵאשִׁית, בָּרָא אֱלֹהִים, אֵת הַשָּׁמַיִם, וְאֵת הָאָרֶץ', '$9.84', 92, 8, 'error: no implicit conversion of Fixnum into String', 9);
insert into products (id, name, description, price, discount_price, views, picture_img, categories_id) values (9, '4 in 1 Pressed Mineral SPF 15 Golden Medium', ',./;''[]\-=', '$5.34', 49, 9, 'error: no implicit conversion of Fixnum into String', 10);
insert into products (id, name, description, price, discount_price, views, picture_img, categories_id) values (10, 'Alendronate Sodium', '⁰⁴⁵', '$9.64', 98, 10, 'error: no implicit conversion of Fixnum into String', 11);
insert into products (id, name, description, price, discount_price, views, picture_img, categories_id) values (11, 'Pediatex TDM', '👾 🙇 💁 🙅 🙆 🙋 🙎 🙍 ', '$0.81', 61, 11, 'error: no implicit conversion of Fixnum into String', 12);
insert into products (id, name, description, price, discount_price, views, picture_img, categories_id) values (12, 'TOPIRAMATE', '-1E02', '$5.14', 39, 12, 'error: no implicit conversion of Fixnum into String', 13);
insert into products (id, name, description, price, discount_price, views, picture_img, categories_id) values (13, 'GM Collin Mineral Sun Veil', 'ヽ༼ຈل͜ຈ༽ﾉ ヽ༼ຈل͜ຈ༽ﾉ ', '$2.14', 38, 13, 'error: no implicit conversion of Fixnum into String', 14);
insert into products (id, name, description, price, discount_price, views, picture_img, categories_id) values (14, 'Ribavirin', '(｡◕ ∀ ◕｡)', '$6.20', 72, 14, 'error: no implicit conversion of Fixnum into String', 15);
insert into products (id, name, description, price, discount_price, views, picture_img, categories_id) values (15, 'Cephalexin', '''''', '$9.69', 88, 15, 'error: no implicit conversion of Fixnum into String', 16);

insert into user_types (id, role) values (1, 'Admin');
insert into user_types (id, role) values (2, 'Seller');
insert into user_types (id, role) values (3, 'Client');


insert into users (id, name, email, birthday, password, join_date, is_ban, profile_img, user_types_id) values (1, 'Dale Pirson', 'dpirson0@timesonline.co.uk', '8/30/2022', 'dxdp2vDIm3P', '9/15/2022', 'error: Could not access blank value: Use || to provide a default value for blank fields.  Example: (my_field || 0) + 1', 'error: no implicit conversion of Fixnum into String', 1);
insert into users (id, name, email, birthday, password, join_date, is_ban, profile_img, user_types_id) values (2, 'Tommy Wallace', 'twallace1@yellowbook.com', '8/9/2022', 'SJ1w6t', '6/17/2022', 'error: Could not access blank value: Use || to provide a default value for blank fields.  Example: (my_field || 0) + 1', 'error: no implicit conversion of Fixnum into String', 2);
insert into users (id, name, email, birthday, password, join_date, is_ban, profile_img, user_types_id) values (3, 'Mendel Studdard', 'mstuddard2@flavors.me', '9/15/2022', '0BG9VkC', '4/16/2022', 'error: Could not access blank value: Use || to provide a default value for blank fields.  Example: (my_field || 0) + 1', 'error: no implicit conversion of Fixnum into String', 3);
insert into users (id, name, email, birthday, password, join_date, is_ban, profile_img, user_types_id) values (4, 'Xever Tasch', 'xtasch3@nyu.edu', '7/17/2022', 'dnwvVEKTXE8l', '10/21/2021', 'error: Could not access blank value: Use || to provide a default value for blank fields.  Example: (my_field || 0) + 1', 'error: no implicit conversion of Fixnum into String', 4);
insert into users (id, name, email, birthday, password, join_date, is_ban, profile_img, user_types_id) values (5, 'Rufus Midgley', 'rmidgley4@tiny.cc', '4/3/2022', 'dbe1FmGKQzN', '5/18/2022', 'error: Could not access blank value: Use || to provide a default value for blank fields.  Example: (my_field || 0) + 1', 'error: no implicit conversion of Fixnum into String', 5);
insert into users (id, name, email, birthday, password, join_date, is_ban, profile_img, user_types_id) values (6, 'Micah Scotts', 'mscotts5@ow.ly', '10/17/2021', 'St1JAUK', '2/6/2022', 'error: Could not access blank value: Use || to provide a default value for blank fields.  Example: (my_field || 0) + 1', 'error: no implicit conversion of Fixnum into String', 6);
insert into users (id, name, email, birthday, password, join_date, is_ban, profile_img, user_types_id) values (7, 'Hugibert Rustadge', 'hrustadge6@oaic.gov.au', '10/17/2021', 'bZ8Al4', '4/3/2022', 'error: Could not access blank value: Use || to provide a default value for blank fields.  Example: (my_field || 0) + 1', 'error: no implicit conversion of Fixnum into String', 7);
insert into users (id, name, email, birthday, password, join_date, is_ban, profile_img, user_types_id) values (8, 'Dulcia Hattiff', 'dhattiff7@squarespace.com', '1/2/2022', 'BCEmYcnZx1', '4/22/2022', 'error: Could not access blank value: Use || to provide a default value for blank fields.  Example: (my_field || 0) + 1', 'error: no implicit conversion of Fixnum into String', 8);
insert into users (id, name, email, birthday, password, join_date, is_ban, profile_img, user_types_id) values (9, 'Virginia Calf', 'vcalf8@deviantart.com', '7/29/2022', 'hZXmasQmeK', '9/1/2022', 'error: Could not access blank value: Use || to provide a default value for blank fields.  Example: (my_field || 0) + 1', 'error: no implicit conversion of Fixnum into String', 9);
insert into users (id, name, email, birthday, password, join_date, is_ban, profile_img, user_types_id) values (10, 'Mack Heitz', 'mheitz9@slideshare.net', '11/4/2021', 'PJGuZ0q', '7/23/2022', 'error: Could not access blank value: Use || to provide a default value for blank fields.  Example: (my_field || 0) + 1', 'error: no implicit conversion of Fixnum into String', 10);
insert into users (id, name, email, birthday, password, join_date, is_ban, profile_img, user_types_id) values (11, 'Adah Abramcik', 'aabramcika@xrea.com', '1/9/2022', '5C9uiAjX2Qq', '1/15/2022', 'error: Could not access blank value: Use || to provide a default value for blank fields.  Example: (my_field || 0) + 1', 'error: no implicit conversion of Fixnum into String', 11);
insert into users (id, name, email, birthday, password, join_date, is_ban, profile_img, user_types_id) values (12, 'Tildi Worster', 'tworsterb@cornell.edu', '2/15/2022', 'D93xEy', '5/4/2022', 'error: Could not access blank value: Use || to provide a default value for blank fields.  Example: (my_field || 0) + 1', 'error: no implicit conversion of Fixnum into String', 12);
insert into users (id, name, email, birthday, password, join_date, is_ban, profile_img, user_types_id) values (13, 'Fara Franceschelli', 'ffranceschellic@census.gov', '6/21/2022', 'sDevq2X6buZH', '5/25/2022', 'error: Could not access blank value: Use || to provide a default value for blank fields.  Example: (my_field || 0) + 1', 'error: no implicit conversion of Fixnum into String', 13);
insert into users (id, name, email, birthday, password, join_date, is_ban, profile_img, user_types_id) values (14, 'Bryn Spriggs', 'bspriggsd@seattletimes.com', '9/2/2022', 'ExY7INt722', '11/11/2021', 'error: Could not access blank value: Use || to provide a default value for blank fields.  Example: (my_field || 0) + 1', 'error: no implicit conversion of Fixnum into String', 14);
insert into users (id, name, email, birthday, password, join_date, is_ban, profile_img, user_types_id) values (15, 'Farlee Nalder', 'fnaldere@vkontakte.ru', '6/25/2022', 'bTIuICz', '9/25/2021', 'error: Could not access blank value: Use || to provide a default value for blank fields.  Example: (my_field || 0) + 1', 'error: no implicit conversion of Fixnum into String', 15);

insert into vouchers (id, code, amount, mail, users_id) values (1, '0UT1FZZ', 75, 'mlillgard0@ovh.net', 1);
insert into vouchers (id, code, amount, mail, users_id) values (2, '0X984ZX', 52, 'woneil1@bandcamp.com', 2);
insert into vouchers (id, code, amount, mail, users_id) values (3, 'D716BYZ', 80, 'obrasner2@addtoany.com', 3);
insert into vouchers (id, code, amount, mail, users_id) values (4, '03V53CZ', 92, 'lyansons3@aboutads.info', 4);
insert into vouchers (id, code, amount, mail, users_id) values (5, '03150J4', 7, 'jsharper4@ucsd.edu', 5);
insert into vouchers (id, code, amount, mail, users_id) values (6, '0RWN4KZ', 63, 'cyerrill5@spotify.com', 6);
insert into vouchers (id, code, amount, mail, users_id) values (7, '02130ZC', 25, 'dtippell6@fema.gov', 7);
insert into vouchers (id, code, amount, mail, users_id) values (8, '0G510ZZ', 57, 'atemplar7@freewebs.com', 8);
insert into vouchers (id, code, amount, mail, users_id) values (9, '0HBRXZZ', 18, 'rtunn8@bizjournals.com', 9);
insert into vouchers (id, code, amount, mail, users_id) values (10, '0DVE8DZ', 35, 'skorejs9@seesaa.net', 10);
insert into vouchers (id, code, amount, mail, users_id) values (11, '8E0H300', 1, 'esentancea@hhs.gov', 11);
insert into vouchers (id, code, amount, mail, users_id) values (12, 'B51CZZA', 78, 'kbelliardb@exblog.jp', 12);
insert into vouchers (id, code, amount, mail, users_id) values (13, '0PQT0ZZ', 90, 'krapac@nationalgeographic.com', 13);
insert into vouchers (id, code, amount, mail, users_id) values (14, '10Q08ZY', 48, 'mwebermannd@furl.net', 14);
insert into vouchers (id, code, amount, mail, users_id) values (15, '0RGF0JZ', 45, 'oreguse@apple.com', 15);

insert into wishlists (products_id, users_id, wish_date) values (1, 1, '2022-1-3');
insert into wishlists (products_id, users_id, wish_date) values (2, 2, '2022-4-18');
insert into wishlists (products_id, users_id, wish_date) values (3, 3, '2022-6-10');
insert into wishlists (products_id, users_id, wish_date) values (4, 4, '2022-1-2');
insert into wishlists (products_id, users_id, wish_date) values (5, 5, '2021-10-10');
insert into wishlists (products_id, users_id, wish_date) values (6, 6, '2022-3-16');
insert into wishlists (products_id, users_id, wish_date) values (7, 7, '2022-1-14');
insert into wishlists (products_id, users_id, wish_date) values (8, 8, '2021-11-29');
insert into wishlists (products_id, users_id, wish_date) values (9, 9,   '2022-4-7');
insert into wishlists (products_id, users_id, wish_date) values (10, 10, '2022-8-30');
insert into wishlists (products_id, users_id, wish_date) values (11, 11, '2022-3-18');
insert into wishlists (products_id, users_id, wish_date) values (12, 12, '2022-6-8');
insert into wishlists (products_id, users_id, wish_date) values (13, 13, '2022-2-15');
insert into wishlists (products_id, users_id, wish_date) values (14, 14, '2022-8-10');
insert into wishlists (products_id, users_id, wish_date) values (15, 15, '2021-9-30');